100,100
423,3255,3895,1083,2194,1220,1328,5620,3513,9925,1479,2004,5262,872,8985,5457,8685,4701,419,2632,3080,3470,3899,7073,8002,5347,7049,2119,9836,2600,2988,2003,2627,1369,1627,8538,140,6222,3594,3820,3547,4259,672,5492,2594,2576,6356,8345,5208,6471,2832,3988,8659,5524,281,4592,6940,1052,9814,9962,3484,8593,4744,4859,2257,1857,6486,1751,3245,8768,8696,4003,6830,3843,3617,3643,2509,8664,5480,9451,5722,720,2613,5268,6825,6380,9079,870,1348,8997,1485,5266,524,3032,305,5729,8508,7432,4821,2984
5554,511,5684,700,1120,3605,3937,6236,6243,6970,4799,1585,9761,2144,3473,6115,8633,2426,464,9035,7628,5364,2237,7119,8547,4335,7085,8351,7602,345,1136,6715,8084,856,6024,7512,8393,8756,8906,7593,2542,4316,8010,4331,7483,568,5061,2499,7914,4357,8418,3860,4223,6249,956,1225,7974,2773,4764,4369,470,8897,3220,8838,1392,3813,9330,711,2063,4227,3572,8934,3966,1782,5996,4232,5812,217,5245,9428,1856,89,4382,7425,8474,8463,844,4627,8228,2318,2973,1760,7171,3405,5760,8322,6481,2494,6772,6038
1803,9552,9475,9006,1662,3986,7875,3450,9348,6316,6546,5555,6738,1362,9895,1283,1449,2972,966,1883,434,7852,9866,7850,3272,4888,6004,6544,7800,6313,661,3037,4502,1352,2049,896,5825,8208,3552,2337,8697,5049,205,2368,9888,7788,6432,5096,1536,2809,4722,5961,7284,7388,6423,864,4080,6469,6385,5377,5563,5139,2642,4741,6467,2889,6598,1238,2233,3616,5740,5744,9328,801,8307,4979,5252,7781,3186,9232,3495,3603,9912,6366,3259,4296,6171,9949,9652,9613,4728,3573,7463,3943,8244,2287,2853,8787,9471,9841
478,9631,519,8938,8916,5403,6813,2211,5880,8107,5572,6686,2791,814,5803,6440,6206,7093,8888,3103,8097,9320,7048,5503,8676,7218,2242,1253,7032,7801,8223,6625,1113,21,3979,5263,9730,7962,1161,4105,5824,6518,5763,5494,537,2378,421,4995,4156,5111,6360,3185,8702,100,4648,22,1307,7476,7646,7208,2588,837,4495,3761,8005,4445,9946,6036,3280,3739,7283,2858,1237,9910,3131,6969,9510,3999,9465,9046,9276,7751,3628,8439,6437,82,7848,4814,9240,4313,6707,860,3783,8195,7606,4917,1323,4960,4942,1738
9497,4641,1025,1127,7261,9984,1784,8341,1391,1950,7516,1131,3264,616,6322,9279,2498,596,9403,2418,561,5405,6346,7572,3426,1833,4282,2263,8785,6409,507,5720,6793,7682,4931,9944,8867,8666,8839,9351,534,3140,1478,4575,8922,8202,1501,8951,4987,4640,4155,6374,2421,362,3994,5012,4649,2536,8288,9492,6286,5406,1421,2307,7322,5416,4542,9622,2249,9565,622,7547,5447,4585,1186,8620,7631,2550,8779,4277,5944,7350,24,2152,3252,2686,6570,3242,8847,331,5991,6176,7567,5535,5289,9434,7191,202,8039,2878
299,934,4163,1336,2830,5764,4577,8063,1603,5402,8567,363,2561,9493,3833,4996,6329,8955,3788,3162,9796,9179,3400,4306,9586,2474,4504,6856,5557,7102,9542,952,3612,3601,3050,8343,425,6558,4381,9589,825,6317,270,4854,1955,2760,3467,7089,3267,9141,2982,7744,8679,8797,5618,9168,7912,7811,7960,2962,2317,3556,7067,4841,9676,2266,6438,1879,2258,2769,2510,7697,6945,3338,9397,4283,5947,1951,1356,6463,181,465,8000,7802,1133,8977,5691,6828,1188,5254,3442,5757,790,2315,7417,5622,7294,6978,4374,5847
373,3197,2099,6030,5048,2718,3780,9563,6146,9285,6895,9456,4837,6922,6420,8445,4388,9834,9628,3332,1381,1656,8134,5505,7576,3026,1461,8684,7484,8489,4690,6504,3963,5192,1600,4670,3419,7140,8552,4435,7228,4792,6680,2038,8653,2121,3533,6189,5483,8568,1108,4362,6850,5849,7557,4611,3331,2066,8259,2435,6173,1584,1101,2181,9095,3665,1653,5699,1567,5989,2341,1586,4438,2395,748,8355,6927,4491,527,2282,6718,4843,5488,8221,2991,5585,8470,7942,5993,5225,448,4168,6196,6524,4210,3019,3082,9804,3002,1654
6527,9245,4693,2846,5399,2999,9953,6234,4609,4955,9816,1200,2178,6208,2316,2584,4757,1848,3156,7523,7607,8056,6595,2041,1888,1542,8638,4923,4689,5101,3308,6968,8641,3786,2153,9697,5114,9102,323,7363,6354,6916,4999,6952,7069,417,7586,8370,4702,141,4963,9203,1774,5115,456,8879,4076,4367,4315,5930,2067,1251,5362,7287,3789,2677,5184,8230,7599,4751,3862,2200,8183,936,13,2079,88,2558,9391,5768,7603,5891,7780,4752,1167,9326,1371,2790,9247,847,8572,6047,6488,8080,7367,7896,9588,3423,1674,5809
8760,1049,2696,8589,8763,45,2331,2346,2540,5651,8006,9971,3074,5547,3201,3667,6697,5941,3982,5489,4338,173,2305,4967,4314,2023,4176,4887,9190,9884,153,7396,6902,8401,1302,7007,6326,7650,338,4530,5979,4994,1715,8103,1134,3134,4846,2877,5109,2350,8510,4054,1752,3114,6791,7420,4709,9024,3153,8690,5934,3345,4468,4071,7168,9042,4462,8924,6383,7887,6033,7330,5180,3328,5293,5188,9690,1744,2448,9524,4507,1353,5178,2016,1932,1121,3618,9741,4078,2268,7625,4642,5599,1867,9097,3597,432,3302,4096,1300
5370,5074,4964,1457,4117,9404,6470,5478,8473,1389,2228,752,7789,4971,2089,5030,7881,9034,4084,93,2328,9449,7492,7220,4474,9347,8529,3068,1402,9229,4444,6610,334,9178,4761,6705,6002,2267,2326,8291,4262,2291,5852,9299,919,5163,7314,2133,355,7995,4610,7413,7094,20,6059,921,783,7054,1122,4973,7920,3839,8085,3584,8146,6673,8632,5560,1346,3034,8551,6841,8144,5032,3700,4139,2862,8397,1306,3051,5459,7458,9760,6523,5200,6566,2650,283,6593,3106,9148,747,2653,2985,3468,6612,2092,6274,2303,6311
5845,6954,1778,6073,9703,6457,3100,8324,9103,4547,2520,5196,6994,230,4169,5428,8598,5548,3316,5064,9781,3857,7047,7795,514,5617,8055,4731,3488,9307,2469,1228,8281,6891,3526,9928,2054,8380,240,8540,2681,9459,9136,8761,3373,9979,2616,5226,6543,4820,4980,7810,9207,7455,6801,7124,8578,3396,1958,4184,3492,2425,887,665,7366,3456,8159,1486,4704,5513,1330,5730,7201,2260,8548,3878,4509,8911,3804,9026,3542,8308,4828,3965,2189,3181,2881,5558,1785,1685,4561,9020,3949,9937,646,8325,9502,7539,5943,1741
9987,2508,8558,4299,3268,9922,52,5460,3297,9590,7971,8834,7683,3438,2497,2783,580,1132,3203,1981,1625,3001,6933,2405,2034,233,9277,3787,5887,1400,3734,536,8168,8942,1276,2763,6717,5839,9354,1118,6897,4012,9647,7610,3269,9564,2660,3972,5898,30,1770,8616,6092,4241,6368,8734,1966,1436,989,5147,6140,8118,6539,256,6569,2310,6506,8067,9366,3335,1168,9855,9970,8740,1310,7498,7266,3243,7979,9131,669,6295,1629,44,1319,1439,778,7247,4242,6752,7892,2971,1723,6918,604,443,8602,5,9364,9430
6519,5313,5942,9208,5094,4808,9599,4025,3504,9407,7869,4508,3934,1240,7090,9114,532,3321,2756,1949,8859,4375,4659,8287,3774,2104,9550,244,2567,8120,9507,6049,7782,2848,6370,3686,683,7401,3236,3045,1367,531,923,2521,2786,7554,6118,4500,5296,6417,9252,5303,238,926,8226,9204,7028,2428,4143,7303,9932,161,6516,1163,8333,2124,8239,8643,6125,1345,3337,59,3127,6582,942,1849,3807,3497,2112,5652,4244,6629,1748,2580,3826,4907,2251,7876,1910,7740,9288,6287,3150,3057,4152,5174,6640,2177,6682,23
4623,3420,2361,1801,5822,4339,1406,7446,4668,116,4395,8190,9429,8986,4584,6937,1138,6754,9714,8687,5042,941,1535,6931,1093,1513,9667,2218,6352,4266,1870,9069,4636,8915,4154,2895,4344,7947,1223,1694,7642,7632,4178,6502,8803,6699,4153,3921,6827,2261,8921,9948,7893,3078,9197,2801,5167,1523,3207,2609,979,9080,7469,3194,9658,6681,7188,7117,2243,1206,6307,1757,1791,6714,9138,212,2872,4747,9890,1820,8573,8376,1498,8143,5351,4552,8130,3235,9509,8789,3625,8191,71,2701,5392,1387,5411,787,6901,644
1859,2511,5826,9161,9817,6421,9119,4893,5574,7581,4514,4825,4916,9209,1942,794,767,4601,9184,9021,4208,9399,6645,8316,9742,8440,933,6545,1661,9630,9996,5889,9182,7537,450,9695,5988,9435,6766,4772,9298,4061,8531,9549,446,7016,3647,154,4753,828,8745,8969,4545,8979,2491,6498,7353,9044,8123,4760,7317,6365,6799,8870,8295,763,1205,802,1658,7053,1147,476,2748,348,6779,9575,7518,3815,7988,6404,916,2275,805,6406,2091,37,6261,2894,6012,2746,427,4526,2225,1568,9031,9701,6507,4292,115,6923
3837,6740,5664,6223,4676,3614,7006,4171,4826,6950,1880,40,7024,1832,745,1256,2845,8035,8919,3905,9186,5493,8093,6056,4822,2175,308,2482,307,5082,6494,3433,1724,505,8257,365,6647,6665,5645,396,3903,2554,9487,3118,3295,950,339,6052,7925,9378,7221,4215,7577,483,8988,3251,3567,364,1284,5227,1277,8218,8172,5614,9909,5098,5210,8173,1821,5602,6808,6401,1836,8485,226,9220,5978,6479,340,9462,5511,8735,2523,2476,6152,4914,6283,1952,3028,543,7717,8612,9805,3568,4363,3874,8700,3947,9060,5342
4823,7574,7663,6905,1740,9515,6541,147,3010,9752,7563,3824,3511,5205,8158,3480,6846,9010,2154,7629,928,8377,681,9600,6622,1776,820,1967,2214,1441,7018,4586,2030,4544,6511,9445,2839,7129,4594,3537,1582,4536,2740,2235,678,5434,4195,4662,637,7343,2289,9077,499,5855,7494,5559,6490,9302,3641,2942,6872,4281,4237,4209,547,4413,3904,3175,9573,302,9317,371,5170,4930,8078,4881,1614,4353,6611,5389,2883,1509,6340,400,5119,6836,1431,9007,6191,4239,1631,8053,8261,3474,3323,492,5248,8446,1456,2113
1962,5716,2570,2654,1056,4556,1893,782,2592,7851,9706,2336,8930,6620,659,6263,1652,2440,2856,6278,6735,6576,8813,4470,5773,2807,4302,2500,7709,2130,4492,7345,9498,2345,5834,420,9358,673,7969,2503,413,496,1273,7948,9637,9368,7036,8886,4431,1638,6177,7373,3944,5510,4337,5953,5807,1517,1904,8681,3500,215,4216,8276,491,280,4787,6259,7731,1011,9294,3294,6163,3677,2548,218,9773,9116,1908,2900,5002,4845,3397,7260,4175,6939,2037,3583,1911,6334,7695,3081,2821,2905,1444,1219,200,7843,2547,8188
357,6282,8746,6600,5869,6446,6485,8407,5309,4685,6935,5858,7608,8175,2533,7154,6098,1828,2479,1560,9153,1985,1714,5433,3237,8255,3176,9423,4172,9746,6736,7950,7357,6818,9792,7452,2423,1679,5514,7319,754,8645,1887,2025,898,6847,2586,1515,9146,2890,1665,945,8484,6974,9924,8644,819,1765,9980,381,7211,1230,5329,984,6626,3315,6293,27,9346,6310,3307,6021,9605,3120,7748,7943,8263,9688,3200,3888,576,1903,3069,3656,7861,6946,1357,8784,3607,1912,4443,341,927,3705,4370,647,6530,4021,6264,5385
3053,7923,3363,4368,9223,7288,10,4616,8487,6186,4734,7185,3139,5633,3183,7009,7691,5062,8161,2411,481,5420,7568,7910,3403,3558,963,533,3995,2560,6174,9398,1628,5368,3775,1311,1868,7970,2057,5667,1347,559,6675,8939,3859,9885,624,1516,1734,981,6188,8849,7786,4126,8352,3726,8220,7500,3770,8024,4298,4272,6635,2399,5238,8957,7418,6999,2413,7378,2723,710,5177,8224,9823,2141,4451,6031,7741,2726,593,2909,3631,4082,502,9062,6145,6412,214,3793,67,6522,6068,7728,5952,9246,5290,7823,4098,1003
6869,6081,7481,5314,3692,8559,4735,8575,7865,2785,3,8112,5189,8599,2939,449,9057,5594,6859,9257,4892,8182,2279,4945,85,9126,7158,387,4574,3836,7262,1692,232,3821,3803,8422,2365,16,5159,2950,9107,866,4415,6461,8045,6239,5222,4596,9460,9292,3592,6719,7079,1140,7863,6906,2480,9753,5035,2759,7384,9124,6195,1596,1733,4932,1181,3528,7985,1287,4040,1927,1471,9166,1326,4092,2082,9655,5655,8656,2186,3246,6876,1510,7983,1288,5583,8802,4372,139,8101,1474,5008,3334,8299,4310,9751,9512,1506,453
3829,4424,2202,7114,8443,3912,6240,9468,5350,4408,9724,4437,5801,4386,5043,8428,4127,9258,1696,1048,1239,5900,7295,2465,2945,2262,7509,4043,8821,7111,9198,8907,1294,6213,6844,8976,6552,8317,886,671,3750,4017,4969,4875,9059,843,7023,3805,8541,9914,5169,385,4264,5958,5113,2897,3672,8694,9120,1329,9272,6017,1869,1018,4207,9783,4024,7470,5948,1211,4714,9076,7131,6372,9974,2917,2961,3329,1085,746,1000,7285,6654,8389,5334,3244,2601,1221,191,516,9799,9040,626,8115,1459,708,9392,4165,268,742
7130,6693,3565,4269,6641,6305,554,4099,1816,732,2952,4867,4486,8509,5425,7779,9074,7223,9078,1892,4420,2622,6303,7805,7332,4051,3417,2526,6489,3327,1013,8965,7142,4321,4602,3935,132,3015,4684,4981,75,3025,1028,9071,7103,6018,3720,2123,5084,7011,7245,369,3600,7513,7075,5152,7775,6730,7591,2907,3796,9875,2615,3113,6800,5841,8814,2107,3620,1607,3791,4743,497,4312,6386,9018,889,653,5407,8920,5307,749,1573,9183,7545,4352,7766,3624,3541,6637,2559,3973,6882,6439,7076,2349,6992,5063,9900,1224
7318,9878,3527,2171,3851,8108,1565,7138,251,4467,1185,3993,3177,9438,4482,1380,8395,7394,2620,6398,5275,2311,2394,627,6663,522,9580,8119,3064,3958,6741,7888,3725,6688,4118,9874,73,1762,6,6689,7306,2422,6529,4199,8689,8018,8225,1604,61,7391,1146,7392,8135,1414,9072,2946,9986,3441,4721,467,3722,9055,1115,4094,6589,8862,9341,3681,6142,3910,8844,2196,8036,9994,2874,728,1265,7984,101,6870,1669,8438,4580,9854,1026,7485,1175,9048,4258,7098,772,1555,9030,3218,9920,9795,5937,2640,3870,8254
9639,7870,5578,2179,838,4342,9219,1979,3217,3033,8258,9842,1931,2255,684,9384,7176,9385,2402,3693,2552,6225,6425,8795,5927,8736,5902,1572,7508,5632,5172,6863,47,3191,3519,2752,5108,6606,4902,441,9393,8253,7438,8290,5499,4085,2903,5562,4225,8966,5390,6253,2110,2538,5543,8726,9304,7918,1583,6734,9848,1698,7997,5581,8482,185,4490,3841,4436,657,8858,2229,7939,1489,2528,4913,2000,8044,64,3721,1655,3983,750,8403,1112,552,868,7699,4551,1636,1403,4798,8809,3855,6749,3980,6436,6526,9333,7884
9532,5045,9719,9731,2190,7566,7732,1706,8718,3627,9718,6091,6344,1676,4023,2488,6540,5366,1481,9867,3160,2875,7152,5868,4646,4060,8032,2217,3710,223,2334,5642,9372,5711,7692,566,1671,6301,5069,8066,2006,2495,1157,312,3868,1739,7532,892,6513,97,6112,1977,289,2083,5391,890,1500,17,9134,7086,4975,9983,1487,6910,7957,3997,4546,4106,6961,1158,1971,1764,9539,8948,8625,5638,3922,5359,3371,5810,7126,6919,9395,3206,2507,7882,9467,4836,1102,7783,4275,1038,7917,585,3869,8196,8165,5383,3955,2863
9339,7398,6824,7327,3304,5504,9016,7503,551,1119,2869,7959,4538,1089,1592,8796,7410,3109,6684,2922,1548,2157,996,4159,4776,4635,5630,1193,7793,8836,2286,2732,6154,8243,9856,9480,2692,7654,7769,9099,5985,1286,3491,8353,301,3049,751,6306,8927,1394,690,7761,2541,7097,7990,2441,6723,1569,4874,6376,5997,7248,7030,5903,1609,8426,9608,5470,2464,924,273,7236,1657,4657,4612,7763,6926,5721,4032,5382,54,2068,7430,540,1978,7727,310,7433,7707,2886,426,6122,9828,9905,4587,3126,4937,9482,5791,9154
2020,9691,3434,3145,6384,3691,3637,4763,5257,510,5415,1250,7127,9596,6061,7296,286,252,8928,4755,2941,6812,3339,6342,8608,104,991,4397,3754,2787,5229,6655,1824,1736,729,7143,4885,7451,9725,4095,4271,6048,7804,2847,8963,2711,5102,5741,9175,7031,2506,263,5176,5611,8600,2166,6333,7670,6465,2376,5654,5443,5123,7447,988,227,7902,2990,3406,5150,8660,9300,8693,7182,3856,6023,6692,6845,372,1926,7280,7710,9964,9747,8402,3117,1975,5865,3991,7434,8275,7371,2663,6764,4104,3202,9261,5820,4870,5421
2324,4903,5126,6608,1521,5335,9896,3967,5914,5925,5827,7579,6067,6737,9508,8368,7594,1410,4133,3292,6660,9629,8405,861,6742,5838,6265,1594,8373,5034,9396,949,2866,9128,3834,8034,3635,2505,4053,5589,9133,9310,1305,5649,6389,5093,9233,7989,3283,3757,8603,2651,6958,5491,4692,53,9375,5041,3184,9066,5949,8952,7649,5171,4593,2828,2288,7239,4410,8967,6949,1308,2220,3529,320,6928,8537,5297,5770,8564,2332,7159,6774,1595,8755,2501,4778,5251,4603,776,4834,9644,3411,9112,9478,6180,8655,3482,9045,5837
9145,8491,8609,1831,8029,7161,149,9887,4289,9436,4429,288,1270,6078,7504,6653,7660,654,2835,6989,5896,8522,3036,8629,4911,908,7521,8866,167,3299,1297,1079,7831,3446,8342,1318,7806,8903,1388,2409,5938,5426,9764,4830,6993,7889,326,8265,8217,4929,6339,848,4564,5688,2073,8651,5474,4041,3317,1684,109,7524,4497,5658,3932,5308,666,9225,5613,5295,2606,8968,8354,9458,5191,3128,6575,5571,3654,2276,1091,9505,6167,9049,1936,2799,8478,7187,1173,2739,2717,5662,4034,1503,6991,1914,8688,7320,2026,7895
2976,7372,9025,5957,8691,8117,5127,5963,4549,5141,7160,6422,9306,9923,8949,6948,9084,1340,8062,5644,2998,3093,1719,94,7967,6915,1755,6597,9775,7835,5568,5088,3457,9664,6258,1545,9976,3066,391,9094,7874,826,9615,5527,9840,9978,2864,7251,4430,1393,5318,4624,2916,2729,6006,542,1041,9811,699,8357,7743,7716,1540,6565,4970,7724,1135,7996,247,3062,5726,8758,7199,619,6233,337,2887,4217,2818,556,3380,6792,4240,9942,2824,7488,6907,2232,4784,4346,4862,8990,4630,433,7227,1956,1839,8909,196,4559
4710,2134,7365,944,7135,9710,8092,1214,6011,4939,2036,5502,4411,2335,4563,9868,5197,6128,8800,959,6581,8994,2963,603,1703,4007,8627,7877,3147,5464,1217,8011,8061,2525,910,706,1758,8622,7325,1808,6391,7756,445,66,6161,8970,5679,993,583,8701,8791,7690,931,9734,5442,9255,6166,5256,5565,1885,8937,5278,2155,567,7737,2921,5130,5050,3499,3018,9743,9511,5950,4146,1176,7634,2674,5832,5097,5136,3044,2219,7673,3762,578,4773,3023,3893,9645,7559,1619,6379,2161,4414,3613,3142,5931,725,1483,6987
2867,1874,9267,2604,6862,6932,6894,7213,9160,5508,5821,500,2938,2414,8936,6131,6080,4629,9619,4089,2707,836,5283,6100,7163,8462,4114,2812,1667,9283,4341,6013,7966,8566,6079,9545,649,3566,8519,9553,9011,6879,6182,571,4005,9769,5151,6041,4186,6554,2393,6977,9807,4838,9570,5253,9682,4608,4904,562,3445,4901,102,2970,2354,5626,5878,5378,8477,8707,9440,4212,1351,5284,5972,4400,5556,3234,3938,8799,5789,4793,888,1547,5333,8105,3506,5137,384,3560,7600,452,6319,9019,7719,2084,380,9115,277,506
5808,5712,6099,395,4189,823,5422,7465,5621,7302,1236,5131,3223,6280,8499,176,8500,8981,8312,5106,9860,607,113,6646,4927,4521,4064,6980,3091,7454,1422,1722,9882,8111,6880,4844,9200,8719,6388,7115,1051,7560,4988,7448,4933,9457,9991,8571,618,6190,9850,1264,2077,874,4607,5246,4166,830,239,3408,8492,3377,6493,9831,2330,740,1507,2453,5078,4196,877,2968,3303,895,6624,383,1881,8835,6466,4358,6127,36,287,9135,4667,7817,2652,9640,1144,4532,6455,2741,1437,5604,4759,8639,6007,5339,5175,359
2535,9111,2873,6733,2389,581,3906,7324,3300,9231,6192,444,6478,8812,6619,271,3125,9593,9822,6985,9582,5149,3881,5987,1941,7864,4558,9844,9938,8536,9941,1635,4965,1257,9999,6069,6429,6237,5767,7215,5224,5213,5324,2815,4295,4840,4255,6568,1473,9940,6855,2188,8451,3588,1779,407,4717,8169,1708,4729,4276,7403,8375,358,4708,5000,1894,515,3942,4245,1608,9821,3279,9594,1207,3447,1339,3240,8686,9167,2087,7304,3399,2062,6254,4376,2563,2947,8073,4135,770,1320,3291,9754,7275,8606,7647,5876,6397,4730
8493,9226,8460,1125,3604,1216,5912,775,9000,5363,8993,3167,3008,8774,5806,7241,8932,3466,7231,242,4261,5286,5828,1301,3073,3475,3658,8350,382,8495,1689,4083,6721,9955,7844,6727,9736,5046,7617,1396,9601,4475,2986,4660,901,958,3137,5010,9757,1268,1753,8727,7151,3031,2379,6296,5816,7992,579,6508,3727,3962,733,7139,10000,5397,4478,1405,6009,6843,3096,7449,7224,38,9369,6268,4016,4180,1923,2843,3290,3539,9303,685,5260,3289,9535,8580,3512,2639,6942,4416,6390,1395,9442,602,1226,8837,2301,4391
5076,3931,224,7624,5629,5877,1349,5124,6025,3278,8444,7230,7246,6708,5765,1710,9309,7300,1817,738,1873,3124,4896,8810,6887,3463,3954,439,3926,9653,4523,4898,503,2730,6588,1435,3273,6616,5344,7505,7529,9810,184,9670,5591,9659,292,7002,2417,3889,5341,9683,9684,4634,1233,6005,5758,7573,5235,490,1947,9337,6089,785,9954,7903,2007,436,9541,2344,8945,1,9087,6759,6755,4426,3366,4123,2918,3818,8634,2603,1151,7569,2299,7704,2737,8892,7038,6449,2473,9402,8087,4037,7712,1929,7057,7575,9791,9359
1292,7968,5129,2097,7669,3409,6168,6477,6632,6702,4886,2269,7570,6064,1260,642,7355,5983,9809,9228,6615,7976,6218,8605,2827,4075,6677,137,3007,5665,6657,617,9902,9537,731,206,1095,2240,5635,4356,3663,48,2825,5305,1891,639,1641,3657,8297,736,198,2829,4324,4583,2343,714,6109,5975,9547,3580,1884,1184,1462,3661,2493,9749,3169,3800,2780,8964,4294,5965,4566,7437,544,7134,2826,8027,7548,8769,4421,431,7141,2607,7311,1222,4767,5437,8820,3171,1244,5206,7820,4454,962,5016,494,9374,985,8775
6858,7120,5509,5343,1296,2914,7530,349,2385,1208,5598,3060,7369,6658,4305,9340,8142,8983,9488,6291,9316,7040,1259,1855,1187,2369,3916,1427,4059,5471,656,9610,3221,9098,4800,4311,2515,8140,8390,2407,5430,447,2591,1374,6756,5223,7890,9518,5743,1538,6040,6501,5068,162,5597,3961,8076,1043,1354,9729,3122,1468,7255,5715,5755,4359,2145,237,9945,7263,7901,3460,7981,8918,8877,4732,2281,7291,4026,84,7017,6671,9567,5908,8156,9643,8419,9092,7657,1844,8801,5734,2983,3909,6050,1027,4794,8077,912,9463
1201,4756,7519,8151,1350,1076,3602,2761,3569,753,7189,707,3347,3890,5704,5897,8829,7658,7084,8594,9212,5586,8300,4074,4926,6642,276,7638,4745,7904,2782,1630,718,3953,8362,2574,4653,4243,7619,5579,2096,2693,9410,2127,1965,485,3165,8241,9768,5848,7395,7271,4857,7486,4319,225,9227,3827,4228,6773,5166,8661,2727,5886,4044,4463,2285,9121,7042,6709,1562,9699,5840,806,5455,7648,1796,6450,9162,2259,7671,712,8100,6929,2184,78,1766,7665,1333,6607,6205,2270,1141,5451,9181,4422,1355,9469,3651,4317
5974,8046,6143,7091,8673,7584,5338,3576,3854,1290,7946,973,2585,9130,5023,730,3719,8804,5467,2749,165,4027,8437,7842,7112,6361,9387,2168,6743,3154,8764,954,5748,8247,2449,164,5846,1890,2724,2106,7927,5669,9665,7272,8873,1280,5601,9598,6114,8400,4501,3012,9635,2804,1314,7587,4990,4069,9023,3312,5648,5393,5756,7041,79,8031,7106,713,5404,7179,7750,7083,7229,342,5337,6908,5607,7339,6260,6347,5709,7375,995,8310,9558,5291,6382,9785,2776,7747,7517,1469,4280,5110,7472,1196,134,3084,4632,3564
3917,3232,2948,7822,9968,7703,1687,2329,2412,3703,3293,8893,9431,2100,2865,6666,6428,8815,3003,9544,229,1552,9409,4202,5580,3546,9319,7426,7940,2678,6953,6920,8848,6164,4512,8298,2852,2626,9496,4179,5798,6045,560,9389,5813,5104,39,4131,6842,5484,3418,9612,2715,9355,8448,1183,3425,8556,7039,2451,3563,5659,7005,466,8826,9519,1968,9936,6405,3353,8868,2348,8790,5209,4006,5247,9289,1899,1096,4274,9568,7344,166,970,4022,6797,1648,1082,4567,2475,769,6257,4001,4833,2623,858,8710,6082,2434,1534
9919,865,7771,8607,5179,6250,7173,3884,5075,4496,795,6500,3695,5162,7145,636,3969,6054,8852,7792,3385,440,8206,938,2709,6424,1285,9331,9335,1162,9812,7370,4119,5168,4831,2753,8545,9634,8773,2700,7715,6840,2582,7495,695,8042,5631,9898,5418,8270,7858,2977,4522,1105,6562,4494,880,3429,8592,1069,111,2296,5689,7871,5984,46,3638,5195,6998,8833,2923,7162,2027,2859,6413,1252,9824,9627,4906,6453,8998,3341,5292,9489,3650,9771,5686,4674,7198,189,3275,7347,6661,3112,3522,393,2742,4652,2951,1178
8805,4100,6664,3577,4160,1309,2851,9140,5977,3907,1749,6459,3192,9687,3579,9762,2173,4815,4457,5396,2688,9633,6823,1065,4219,7155,2055,327,5788,2169,6187,6472,5647,7550,6015,7640,9494,5288,156,1922,9214,430,5794,1622,563,1815,2993,635,8947,9668,9101,68,1954,2569,7387,5427,5814,3585,8124,7441,7148,3387,2380,6868,9096,5639,9081,4621,3349,7615,8381,3190,1022,4158,7244,7175,9750,6338,5007,9740,2831,7688,9377,7798,7252,4633,9934,8075,9715,4193,4934,7364,2391,8788,2195,5001,5203,2953,5079,2531
3553,9127,6936,5842,1999,7898,5272,2086,5259,1343,3871,1001,7973,3314,70,7527,5473,3802,2118,3575,5884,1165,1780,9093,6373,1404,9486,2625,4527,3452,2944,3901,3182,8762,3925,7549,7980,4803,3850,5528,1377,4182,7010,1372,4890,8049,5414,1317,4392,9,2518,2573,8466,5708,9432,4565,9327,7872,9694,1786,1804,9789,5982,6148,3381,8766,19,9248,7379,8883,1712,2046,6096,4548,3508,7308,9536,541,3976,9671,7746,7730,1275,5269,2891,1633,815,6104,9029,1878,1440,69,1772,8057,8163,3298,7157,7177,5271,3063
651,9152,3716,2628,7264,4484,990,8757,473,6535,3571,2564,3284,3393,409,8786,9784,4045,9566,8271,1974,8720,3356,4555,3464,2183,4031,1707,6445,8052,9422,5301,9477,5014,7169,228,7987,2587,1373,5800,882,8454,4419,4604,9259,2372,1189,1023,5054,8327,2002,737,7243,9906,1802,4639,7487,295,3016,4134,4921,5154,4645,4481,5844,7506,8157,9437,7535,5369,1071,5400,8626,2595,6652,1106,6395,9211,6327,8337,905,410,6482,4997,6805,4855,3886,2955,8251,5883,9880,6561,6556,1946,3706,6491,5117,7886,5230,7331
1787,1986,7678,8311,7190,6010,3022,4063,5019,7217,2668,8323,7582,9325,1519,779,9872,9903,7064,374,5326,5707,7954,6039,9727,513,2802,3287,784,9318,9266,4330,610,7588,7687,6214,9264,3324,9067,3798,4004,6852,1399,594,6849,318,4622,6860,6938,3896,3655,8153,9275,8114,4396,6209,1180,3530,4613,2901,5561,722,1269,1057,7794,7542,2519,9830,4291,6212,6468,4226,2446,1514,8139,5990,9617,1845,2744,7496,2302,2162,8294,789,8388,5132,402,1035,3211,1728,1032,999,8468,818,8714,2375,106,930,6324,9556
5576,5145,6150,9173,5553,9915,31,5775,9833,1925,1117,1241,9894,266,352,2246,2602,3097,9529,8260,9028,4350,9191,4009,9680,1837,7749,4206,4236,6781,764,2911,5039,4401,7440,7675,755,2028,5321,6739,3344,5736,2064,3494,1247,997,4278,1303,8776,8724,9068,2579,8579,4233,3187,6194,6364,2800,3950,6553,6290,4540,8321,3076,3481,9043,9224,550,8561,1235,4654,6359,7734,4029,768,8106,1053,1080,3056,575,1626,6769,9305,9815,3143,4858,9336,207,4340,7051,5517,6930,6865,4531,9982,1472,4020,5107,5352,3189
9251,2516,1383,1159,7879,7955,1029,1030,5458,2819,1705,1864,6785,1806,6821,1520,2017,1769,9491,4829,5871,3367,1060,4015,8233,3333,1546,8842,4669,2808,9003,105,6888,8319,2363,9012,4273,9100,2860,8058,4270,8358,5190,7298,3472,3493,8553,7348,6158,553,9091,6492,471,9343,744,9405,9790,5718,8880,2300,1438,6294,2766,8421,8989,9192,6051,2617,4571,1527,9345,2044,4617,4469,4162,1451,1645,9213,3960,8778,76,2532,9155,2557,4148,6375,7467,2313,8828,9763,5603,9169,4110,4140,317,7924,4625,9041,209,7913
9585,62,9241,7192,4230,589,7351,5705,4221,8154,3799,4102,600,2271,5516,2356,4348,7931,8662,1044,6758,2463,3372,9083,2794,2071,26,3490,3129,6732,9058,1939,3735,314,8286,8523,8576,9943,7862,8721,8136,2589,3038,8420,4525,9500,7273,3428,8590,3277,9361,5379,3239,7337,3671,6795,5472,961,8850,8515,9849,7346,6476,5945,2850,65,3609,315,2838,3035,5134,2102,2908,1110,2187,9123,216,8824,5573,4978,1960,2088,1375,8138,2751,504,5917,8386,4582,190,9745,5395,4019,4899,2667,5287,7104,1334,8346,2997
213,4257,1799,9037,8433,6878,5081,5239,6584,4720,1234,1058,2031,2462,5793,3877,4434,3355,5099,5873,4446,9444,3645,9913,6235,3715,12,3348,7342,1482,6775,7335,5438,3540,9861,3591,3496,601,4758,6484,3024,6035,1598,6480,2397,5754,2192,8885,1495,5610,5805,8387,8711,3340,2720,7066,2816,2926,9286,1933,621,9616,5143,7696,3755,8338,5823,8074,5417,3477,6149,8621,6917,325,5762,3760,6924,5236,7359,8742,7770,9216,8394,5006,6126,1686,4125,8798,7706,6638,918,925,5533,311,906,5986,1672,6245,178,1566
8240,3351,9985,4214,6014,1123,741,8494,7991,5013,4190,549,791,648,6534,879,487,2605,508,4198,7639,2078,6903,8072,5625,3507,8152,4851,1841,9576,4847,3227,8982,7181,8680,1920,799,8455,7986,1036,1557,9993,3812,9808,3172,2590,6833,1363,5059,2854,4712,1810,4452,2747,9806,4427,2466,9088,4366,8398,7818,258,7501,2408,8535,7998,8950,2920,8898,2641,972,7659,8181,2180,1754,817,3320,8682,7068,6271,4861,5276,1488,9061,29,3977,735,8328,7400,6241,2703,6349,1988,2691,652,5776,4347,2432,4976,1416
4518,6776,81,2209,6816,7315,5666,7186,3746,7082,4781,3510,9129,4665,6783,915,5600,6272,6898,170,1484,8546,6577,976,4476,1992,8313,1154,9990,3164,2165,4614,7502,1632,7510,7847,5490,7147,8383,1972,7240,298,6270,1364,641,1826,3398,6963,6599,5960,7790,7827,5221,1420,3984,8889,4968,1084,6044,5017,4517,8347,9696,8586,4935,1781,1204,5217,5797,528,9193,4766,3636,5173,7003,6678,468,3861,4304,4318,7118,7713,6778,2230,5507,7113,9559,2253,4145,9606,1589,5634,8384,786,3228,219,5158,5160,5551,2140
1190,3810,3505,2208,5520,8430,5380,5542,3310,6085,1430,7301,8360,5376,4204,2167,1152,829,586,2919,1996,8807,8611,8703,771,7210,2294,7778,4675,9779,8498,5710,5265,7206,6408,7380,6308,2129,8818,7562,7122,5819,9891,8565,3574,2351,4687,2076,4769,1067,2910,4619,5060,2295,1743,9774,1397,9273,7349,5384,8601,6555,4432,6729,4570,6988,8542,5316,1243,1104,5678,7736,4883,7522,3939,1969,8459,4541,2956,405,1556,8177,1315,3262,5360,8269,688,2598,9033,9118,9421,6057,8008,705,5463,4620,3306,9583,8910,1385
957,3135,4253,9609,7860,3946,2478,1930,2325,1390,1987,5103,2115,8595,343,2319,8436,3957,6426,8003,8019,1637,6819,7431,5279,1150,756,482,2012,8752,493,7166,8025,1807,8166,5479,4700,3948,7799,955,1508,279,6703,6407,4132,3465,186,8772,1496,2899,6811,91,1709,3680,6093,6525,6289,1580,4891,6956,4707,5072,5431,7004,9523,1702,807,5067,7259,951,7618,7123,2142,7837,7514,4379,3849,3549,3503,1116,8274,6238,8193,9869,4459,2231,7729,591,2019,6348,5892,1274,6573,4703,3052,7911,9930,8528,4900,5544
6826,422,8318,8623,9574,8987,4398,3326,3231,1398,7933,9452,9862,9827,4030,7125,1255,8262,6712,6279,9122,3913,6591,7643,4809,4466,5444,4220,3430,5575,7184,9641,2388,3416,1532,6753,5258,2059,3924,3515,2844,9966,2731,411,9401,3951,2358,9780,6475,4537,7977,8765,3682,1612,5300,7312,8658,1993,7838,8043,5904,7878,4816,4910,2621,2545,4909,2649,9755,4050,8665,9901,726,7333,5671,5330,6393,9707,9702,4263,3058,5907,6899,9086,7029,8012,4959,842,2223,932,8716,3271,5835,3902,9065,7368,8613,1851,9698,588
6314,4390,8088,2359,2481,3092,5365,4101,8822,2857,8382,3444,1177,3769,9001,3199,1231,3831,4251,8472,5375,9584,9713,7921,7033,2151,3685,8038,1697,6094,1413,3388,4953,4505,5851,9562,9521,1425,5025,5454,6966,9977,911,120,5186,7329,7297,862,2624,598,2637,6269,7045,6137,3684,7358,8490,6549,495,211,590,8236,4738,7762,1370,5778,6711,7533,1298,6911,5885,2690,1007,9967,703,2484,5731,7443,1229,25,4568,204,4647,160,2708,8452,1907,3674,8432,871,34,5888,2176,2416,4246,7282,9470,3391,9528,4827
6925,2757,2933,4992,7711,8434,133,2128,8677,9838,4770,5161,5536,5412,5932,5194,9700,7633,375,6008,8671,6215,5345,1194,6201,6071,2631,1983,5830,841,6696,1615,7832,701,3928,1642,2199,8640,60,8179,5087,4534,4256,8614,6557,6443,8296,4047,9929,5881,6670,7482,98,3311,1423,3392,1647,2608,6097,6687,220,6434,704,2571,451,1344,6531,3020,8481,1407,2215,4406,3873,8292,7459,9863,7442,7219,7382,1984,1497,3632,5771,6851,9461,723,1418,4718,3282,8320,5317,857,6602,3768,8530,3853,7310,3714,9975,4387
6400,721,6867,1964,1246,2936,6065,574,9829,7661,5277,155,1169,4974,1429,9525,3422,90,8379,7341,58,1775,9916,2053,4905,1682,8167,2978,4439,6512,7408,6583,8905,7100,3756,4303,4777,1078,9677,5155,4944,8467,2278,6975,5322,9591,1491,3964,3867,8404,9625,4989,9904,6435,9709,8840,793,4056,796,9551,8023,2383,4977,1037,8302,5815,5164,1773,6885,4000,8914,2583,7630,6221,4499,5992,3485,3817,486,8941,4183,9770,5146,1258,4553,2085,4991,8884,4560,9520,2352,5857,3166,734,2216,9555,6110,8065,2710,4138
3089,3838,5926,8647,8486,6273,3384,9939,1850,2069,6315,5231,2125,2543,5628,7305,9958,7935,4952,5779,5085,2924,2892,3011,629,321,5185,4389,4460,9678,4039,5212,8013,4062,7752,2840,5274,1823,4869,8285,846,8396,5312,6230,8667,667,6815,2517,6829,788,6000,4333,3863,4360,965,9039,7797,1337,4802,8279,2221,9236,1693,2333,2406,1783,6130,8846,3578,2658,2798,6362,6889,9013,5234,9673,834,7493,6292,8557,5818,1024,8738,1033,4588,5706,2937,4285,8469,9705,8449,4418,6701,9952,9931,9587,7722,9516,5450,5750
1518,6957,112,1218,5717,9473,6181,2308,9419,2042,3085,8235,8007,9466,1401,5967,1690,3701,2293,7352,8628,6973,6861,6768,9052,3794,5211,2940,6262,2764,8303,5201,2436,2018,4677,2197,2904,5187,3222,9726,1087,7354,5116,158,998,8717,8543,3640,9662,3233,7905,8935,9287,7070,2680,6198,7821,7819,7404,8663,7952,2280,4483,3258,8900,404,5394,1164,3386,9418,3679,3390,8242,56,1726,5105,2762,7685,9157,6662,2047,2342,1659,2203,2833,1511,4409,8171,6377,9308,9735,5058,4354,7116,7249,4002,9017,538,1179,4
5627,1581,5523,8305,3996,9315,7128,9230,4615,7611,8427,812,2750,8591,7174,4440,1304,398,9008,5071,565,4042,3070,3365,4328,7612,2964,1312,4852,1934,8109,1643,7423,5243,6943,2256,2159,5694,6790,7859,3747,9324,2811,5681,1876,7415,4205,4394,9865,28,2665,7424,6431,4070,379,3535,8277,3483,5609,1098,9205,9651,1072,3436,1675,3848,4300,8246,6630,3753,6668,2630,6904,4307,297,9981,1840,3209,5682,8943,5408,3224,7944,1664,8203,6357,724,9221,1040,6547,8767,7714,4326,7290,6207,7453,8164,2813,5092,4726
512,7110,8584,4539,9290,4511,1900,8248,9646,9350,8192,2575,8216,3336,3737,3876,6747,6117,2272,4733,8429,9476,2928,378,8089,845,7393,909,5859,5895,2386,2021,3875,4590,5401,854,8306,2238,1579,1768,6505,9291,8961,774,9504,4966,7281,680,5482,136,3974,2989,1915,4461,274,4185,157,3523,7720,8456,9075,9110,4116,1014,1677,4864,3806,9998,7092,7735,7109,5593,6227,6473,3595,7915,4088,267,2284,2796,8331,4790,4485,1918,1266,3865,4705,8150,1716,8895,3847,2685,940,7000,2323,3660,3250,9426,5587,6066
4771,8126,5643,9411,1970,6967,5125,9262,8698,3717,414,9802,2885,9649,4725,682,304,638,6875,8782,5232,3708,7450,5358,4378,9481,3413,3776,1750,3543,7411,9711,7764,1313,6255,2662,5476,7906,4786,5923,5905,1097,535,8229,1852,8631,2150,3929,8527,498,222,1543,2841,873,3509,1245,7755,5752,8033,2565,114,9819,1502,5732,8194,7462,5783,4336,4519,1916,2879,8199,7153,9270,8654,1680,1145,3225,3266,336,7932,9322,6157,3075,3975,946,8635,3440,5674,8416,9797,1155,3748,3885,7309,4450,6418,6881,7414,4120
3690,2367,7733,8583,2935,587,8488,9897,7684,8059,7197,6822,1651,8129,1197,8160,2032,335,2805,2471,5650,691,3608,2636,8273,5519,3230,4765,8899,1094,9376,3816,3623,4993,5670,126,9239,3301,8211,8624,8104,7478,5311,4477,6103,7754,4286,2297,5011,5328,7525,2234,5766,6046,7232,8071,1982,243,9648,3678,4817,7540,5759,1054,2578,6224,285,9818,6095,3545,1847,1006,4455,8554,6026,1170,5250,3017,9353,5913,7491,4644,3784,3673,6120,8132,5183,3712,5854,2814,5500,8732,6621,8749,7421,8184,6416,4754,9373,7299
3047,6325,2929,612,5495,6691,1574,1450,4679,7916,3257,2699,777,8425,8186,4873,5219,6367,4748,1124,3779,7926,3765,2682,5216,7376,6560,1172,1262,7812,7307,1031,960,4785,4412,7833,77,9450,3219,1605,5133,4788,4569,8204,3330,8940,2551,7829,3263,4014,4107,5020,5802,2673,5697,2105,6997,7909,1990,3898,5695,597,4573,416,8361,9800,6019,7225,7880,1889,4150,1829,6460,4860,2239,1232,6266,1366,7515,4824,8471,6921,8956,2777,773,3842,5118,2728,5811,8777,1827,7360,1008,5577,5595,360,9666,1759,9269,1961
1663,6074,5353,1797,8099,1017,4749,5616,3622,7137,9408,174,6185,5294,7774,5624,2882,1976,208,9172,3350,3296,7528,5747,408,8409,7668,8391,3455,6592,3261,1528,203,3502,6267,7698,8851,5526,5361,3170,9015,6643,1559,129,5910,9164,8149,8874,7072,2987,9413,6706,6129,2842,3270,8458,6328,5315,8366,6609,7226,8816,2725,6601,2210,6312,8214,939,7019,1834,5660,5619,9572,859,8926,891,8334,2364,1858,5532,3664,3669,9171,3536,2160,8652,852,6060,5540,8431,9846,6809,5550,7718,757,1070,7815,2222,9063,2366
7937,1005,7662,3864,4879,9712,9997,2439,4688,6648,7520,3792,6350,8219,9843,5157,8723,3360,8819,8931,6355,3634,8646,429,7237,6248,867,469,8891,2198,2645,6197,1718,7958,333,150,3439,3027,3626,9038,5026,5661,1846,1359,5727,7406,4423,2803,1524,1447,2755,655,2957,2670,8793,9281,2995,1386,7623,5497,529,1898,6731,5182,2327,6617,2527,5890,3077,3741,9448,2836,4941,7021,4058,5569,7037,3936,3375,9533,309,6452,3121,6135,9935,1621,8517,4768,7868,8411,1358,4724,1160,7953,3459,32,7828,3469,609,1492
8854,7253,1074,9194,6964,9280,5856,4238,9454,8415,127,3178,4091,1109,6124,8845,5299,9569,5971,5713,2433,7723,6651,4795,2322,3138,9675,3615,7050,3288,7479,5612,5541,1062,8245,7044,9737,8392,4651,2618,329,3915,7338,6590,2698,4694,692,1282,1099,832,8841,8064,3214,709,4956,2719,9992,7419,319,780,7622,614,1156,5774,5653,6032,9766,6298,8533,7759,5567,7071,9513,1553,8335,816,8048,4673,8581,42,1272,8669,7689,5056,7133,2206,3368,2236,5233,835,6683,1409,6226,3110,2147,518,2648,4779,6659,5207
8713,3534,7702,9538,3079,5261,4052,4128,9689,4656,4946,1442,1174,800,1361,7065,4865,9820,3030,1281,5761,1064,2114,2820,5372,3740,9109,7293,5120,8894,6788,7621,1424,7200,1002,6947,3083,3104,4938,1215,5033,4595,569,1973,6656,3711,7144,194,125,5906,9721,2207,8207,3276,9759,9969,8060,4250,8278,5487,5381,3449,8480,1551,4524,6563,2010,3676,8550,9597,8794,9005,1812,3766,8853,633,7250,4112,7204,4872,7726,1701,3892,4520,3767,9839,3305,4853,6873,7609,1143,2035,7386,5956,6175,9144,135,99,2485,4322
8412,7543,8668,2120,3642,8284,5148,974,2644,4943,9581,8026,6893,9032,5327,303,6596,5538,2040,3241,5121,9215,4345,6548,3772,9237,5003,2309,3471,2657,3709,9642,9654,967,6084,2638,1872,3830,8562,1426,151,9911,2770,6728,4947,6777,1153,1788,5306,9832,6515,4036,6330,6141,9090,8871,937,8750,354,2539,6760,8016,8806,2834,8309,6202,7195,2549,4109,9105,9278,9864,5349,5436,1341,9202,7841,2390,904,1704,6883,4403,7919,2893,3998,4661,472,4922,6650,7934,346,4606,9265,9798,840,893,9870,935,1086,3858
8670,7334,766,582,1419,3107,3133,2304,2420,7536,9142,8876,9242,5529,3781,1464,7457,9679,2122,4572,9879,4187,9704,9540,7994,1720,3410,6761,2146,3777,5919,83,4301,2472,123,9669,264,2556,9485,9004,6086,5933,5218,6909,8991,2126,2930,261,7193,8737,7777,1767,3586,2958,5970,4850,4453,1737,9579,6495,1860,3248,4533,4631,7739,9947,3587,9296,697,7439,9514,5531,9329,5782,1195,3633,2610,5332,4115,284,7677,8715,9218,7034,4489,3342,4581,1539,9056,454,9716,3238,9748,5220,2244,4664,2442,5999,3099,5515
8102,5053,6499,231,3054,11,2754,6871,6631,2111,4293,7620,982,3675,2427,1428,138,2768,2888,1761,9883,7099,7964,4529,3478,1541,5935,4805,5966,7235,3610,4948,356,4706,415,144,7265,3453,6111,8857,3265,1896,2502,6690,7107,2797,5005,3412,570,5057,5077,8121,7784,8344,8506,4038,2646,9918,9027,2204,7209,397,6102,8526,4097,6336,5356,8283,4535,1039,3395,8249,5584,8201,8098,2138,3226,3733,6232,265,1467,5831,9933,8954,5969,6634,7167,7753,7873,675,6217,2714,1746,8881,6628,5698,6695,2072,8699,8692
9926,4121,759,8122,2483,8116,9363,6151,1261,4268,4695,520,676,1554,702,1454,1408,781,3319,881,2009,1537,7929,438,4033,5522,3548,7374,2377,1263,2008,632,5549,3168,3927,3188,5728,5441,4562,2024,4449,3987,7101,7,4682,6172,2537,8770,403,914,6029,6892,2504,4167,7681,2370,1411,9499,3749,2612,1522,7534,1599,3771,3646,2163,6337,4691,124,5899,6748,8657,662,1550,1811,5319,7062,2075,1901,5388,9143,7326,4882,5240,2959,922,1913,9959,332,5055,739,3945,7826,5466,7834,5128,4308,3619,5282,7808
1865,5739,6585,693,8340,33,6614,3370,9517,5785,6077,6415,4775,855,4762,1763,6193,8675,1597,4880,7136,9483,6722,2927,1376,1475,6410,9132,7845,4962,6284,6242,3845,7081,1771,6341,4103,6353,2455,5924,3376,1081,7854,3343,6170,2039,6636,6814,6075,5423,3072,9312,3751,7269,3087,8507,168,6669,8505,8147,9484,7596,4480,282,7381,8896,4113,2048,8238,1998,2934,4349,7497,2090,9557,6685,4458,2429,2314,5676,5465,7595,2716,7965,9260,8882,3115,3146,9455,4998,6533,3204,4715,8743,8587,9995,9334,221,4897,6363
7436,3562,3354,4249,2544,2320,9400,7336,1529,8574,5946,3670,8155,8856,5784,523,4137,5922,6200,2136,5860,3443,7060,9338,1862,2438,4472,1843,1016,6414,6981,7857,7340,177,1558,6965,7270,458,5029,4739,2788,4229,6371,4597,1571,7825,484,7276,6288,6586,8009,9174,5893,3956,3059,1919,9717,2347,3163,7389,3159,5202,5742,7641,2205,2870,5031,1871,884,9826,9383,1417,5968,2702,3421,8783,7963,6134,3006,3835,8962,5976,8872,2969,192,3486,6890,3923,3822,9235,9899,7490,3357,3933,7676,3451,4658,2671,1291,1905
9417,6133,2212,4211,1137,9794,8198,8479,572,7313,3797,7077,7268,6144,6251,6710,2265,3286,3718,7544,5302,5448,804,2633,4065,5981,8094,9150,2572,5204,5951,1789,3570,4142,6780,6532,2254,9871,9693,7183,7323,2437,8865,4736,5009,4465,4174,7256,3359,878,631,2458,5882,1570,1649,7853,9950,8081,9176,7627,6726,4448,3325,5028,8825,7578,5909,4343,1321,5696,3683,5336,9170,2713,6378,7776,9472,9137,7814,6803,8408,6136,6853,8869,5419,2224,6521,5693,5357,2095,5083,8180,4835,2915,9604,4290,3694,2415,2109,8569
1699,2655,3213,3688,1227,6448,5792,74,3415,3179,3042,6537,6603,2880,87,9054,8917,9893,5435,235,555,1613,2457,4018,3313,9927,6848,8015,5142,9009,7849,8423,824,4983,3108,6896,6300,8733,4309,7885,1412,4188,3738,7035,259,8450,9446,8417,1034,3914,7277,107,3061,2913,3662,108,2745,250,4589,3013,4579,8855,9271,8597,9051,3846,2487,49,9388,628,5512,6351,370,3652,6613,366,236,2697,5244,3489,6832,2468,5646,5138,1293,9188,5015,347,2795,2722,1953,7555,3752,6649,943,7598,3281,6866,455,8706
9379,8231,1142,474,696,6639,3687,3524,3195,1588,5936,3699,8349,6451,9886,4982,8125,193,2158,2767,5525,971,3666,3930,7196,7666,9756,95,7651,7830,4493,634,9577,1909,8178,8502,4136,80,5371,8047,1278,3554,1289,4222,2450,1533,6804,3742,7214,1842,4638,5623,907,1446,3795,9733,4479,6321,9274,760,249,8830,2705,9344,5867,2822,4456,5545,1271,9295,2080,2137,399,6971,2943,3090,2014,7105,2467,8176,8141,4197,1338,5140,4200,1790,1611,2597,9159,1854,55,3462,5429,1267,4487,2634,6106,6536,2974,3581
4600,8250,50,2174,7855,7132,4181,7474,5498,7604,3828,9342,2712,5089,5546,3814,4936,9490,9728,1634,7936,3378,8902,2489,3229,1877,5018,8237,7095,3448,8630,7399,1561,1480,6886,716,316,9447,8465,3668,4048,3773,3555,7972,811,4323,5719,3454,3697,6178,6335,159,1477,5582,9139,8973,7471,2656,6667,2013,9692,9416,197,1130,8424,605,2906,5640,3148,546,7477,8464,4774,306,7385,2283,9873,1587,4231,4972,8549,5027,6572,7580,7866,6559,517,7015,2226,1945,1742,8339,5537,8615,6403,3479,1683,9503,3247,1798
968,964,5780,8532,6497,2664,2404,664,180,8708,8200,6411,4417,6724,2029,1182,5994,5745,7014,6874,6070,5228,3985,6912,4380,5690,1128,8399,6107,7945,7768,1886,4543,2108,9321,3763,2496,9036,4984,584,9765,4028,8555,1434,1924,8582,7146,3702,5281,715,7286,8771,9238,9531,8128,2837,4288,7321,2684,3809,5445,7541,3689,4506,3048,8995,8904,5452,6462,3193,1365,8359,2001,7840,9210,719,3866,4046,1830,2949,8110,8731,1047,6934,2643,7172,5866,4471,6618,5875,1792,7216,808,2149,7194,869,3941,6216,5461,8648
171,6165,3629,9125,351,1384,6580,8475,3389,7816,6627,4327,187,827,1050,5165,2371,3161,2430,5241,9464,4746,876,5249,7652,5477,3599,6297,8695,3361,3253,130,183,7499,8091,121,7907,5980,2005,6160,1756,3309,6139,1895,8148,3990,2444,255,5564,4985,9117,2932,2994,762,3713,7316,8958,9972,2779,2193,4279,2738,558,7930,7460,475,8514,6857,8577,6820,5777,3521,1668,7444,8068,9614,14,3919,4284,5929,3731,2954,803,7721,1248,9147,5273,5022,7202,7468,913,8972,2743,5424,7773,7553,7422,694,3174,6786
3736,350,2687,5090,9632,2431,6771,7655,1897,5285,4141,677,143,8596,9620,1727,5915,8174,8751,2553,1505,2614,8739,262,525,7803,7982,9638,8960,9744,1198,6320,969,526,5836,1593,758,7078,663,1021,8212,9314,7565,5901,810,463,6474,300,7538,5156,3981,4049,2338,3782,7267,4912,2492,813,5804,3698,8617,5021,7108,7511,1010,51,5086,4908,9907,8908,2792,8365,1994,2979,7178,1316,5215,530,2050,9370,6153,1090,9187,5004,2403,4780,9412,5413,6231,1322,2410,5410,8304,5786,6285,2452,9222,3785,7693,3067
2781,275,9189,6132,6763,8649,7531,4950,5469,6986,6121,3095,1046,6750,7597,367,6674,4073,4818,3379,6323,8878,9365,7356,9433,7026,4260,8020,9165,7637,8127,5677,201,8185,5331,4954,3823,8748,1813,6767,8992,3040,1725,1042,4161,3000,599,897,5440,4072,5552,9686,6831,3918,4503,1299,3728,9772,6105,5843,1212,917,4425,6053,2445,1902,3432,1980,7708,6944,658,2132,9249,8372,6204,4329,9381,1202,3039,9534,5615,7961,8267,5047,6633,1666,1618,3210,1166,6746,7377,1818,4697,3498,9301,6483,9859,5663,4087,7088
929,3538,460,833,9002,8086,7807,7205,2339,7856,2512,7705,6369,2855,3407,344,9506,2736,1711,3840,2052,2546,1963,4578,761,7556,3116,4894,2694,1688,9778,8282,992,3476,9254,4797,3152,480,8521,1591,6807,9284,2340,1378,4122,620,2143,6720,4130,5641,9957,4364,4441,8197,3582,4796,2245,8683,5864,4925,479,5657,7254,7464,9787,278,8610,7589,1453,902,2577,462,9858,1906,674,459,7292,4055,72,4129,5700,3745,9382,9892,2806,2443,9803,6123,8712,900,6275,3144,5724,7908,7809,1210,8037,8672,8497,1068
6020,8022,5833,9082,4384,142,5566,5310,9657,8051,2419,8744,8792,4320,8234,8501,9951,5367,4949,8314,5024,8413,3098,1730,4147,5637,2735,4576,7257,6700,7383,9708,7274,41,7796,9149,7686,1617,119,2980,1295,6392,978,5787,3402,8925,8209,2931,2996,7507,7212,1111,6441,3123,428,7328,8369,1061,3155,894,2353,8642,3891,5355,4498,401,6605,3157,246,4149,1015,3173,8332,8348,3180,2659,1943,8083,2355,2384,4666,1732,831,5817,6016,1616,1073,5044,8028,4723,7590,3414,9177,4218,3883,986,8410,8534,9722,4124
1695,7121,4067,5052,7013,4986,5387,8999,4672,9352,7207,9543,7883,9185,9626,7165,5298,5772,6884,1681,6794,7397,7149,577,245,3978,9371,324,2273,2156,8,9443,2170,2277,6042,92,6959,2454,5714,3525,6252,8560,9495,4355,743,4247,6277,2992,2721,5959,1921,8933,9479,3041,7672,9180,9777,3401,9425,9546,7653,9250,5270,7022,4334,5998,9813,6003,4066,8511,6676,6219,3704,5485,9420,8636,1819,9845,1575,6644,4919,9786,8953,2513,1526,6458,257,7001,5153,131,1335,5066,2522,1940,1814,128,2065,2201,3589,2116
9956,5673,5894,1331,9293,1499,8364,3557,293,9070,1063,8330,509,1578,2424,6982,7791,1670,8315,8864,3743,5453,1512,1937,8131,4177,4405,3590,1646,7027,6503,5687,313,611,7951,4433,418,6276,8113,8704,118,6587,2460,6770,5080,7999,122,2593,3046,3971,172,6528,2695,1129,2925,4940,5521,2596,330,1088,3149,4442,4402,2357,3205,4297,6055,1639,5122,461,3065,6387,8453,234,4849,821,1800,5456,3819,9853,3021,5749,4108,592,7058,9835,9050,9595,5685,6343,2896,8001,1433,4510,6076,2849,3431,8457,630,853
6698,5144,7656,7616,3196,4428,2398,3458,8079,9439,63,1114,1432,7059,5592,8441,5112,8518,1957,6517,2396,8978,3532,4807,2459,4192,1045,7867,6996,3516,5735,7701,6027,8268,1009,7758,5348,7922,5534,9801,501,9390,5799,4618,5672,5940,899,1059,1835,8145,1126,9332,5354,1100,175,5320,9603,1148,5737,1948,7008,2172,6028,412,9881,6302,4325,5037,9578,1745,573,3043,3723,3212,8414,545,9650,5962,2679,5995,8264,3593,7180,3808,1731,9793,8496,1713,5683,8363,4637,3141,8563,7757,608,7592,1458,5255,3992,2706
875,8256,2771,4699,5432,1452,8678,7667,7891,4663,8170,8289,7679,3520,392,7405,8741,1476,5921,7012,4711,4783,5501,8371,389,1576,9571,564,5398,849,4866,2093,406,539,3055,2400,557,9876,9360,1466,9674,4011,3518,2191,6838,863,2470,4742,8975,7412,2182,2241,9201,5596,7644,5374,1107,5656,3550,8604,182,3778,7429,5181,6394,199,5703,6399,9196,7949,8709,6220,7156,3285,9607,1917,6199,2139,2647,8996,2689,686,2387,1249,4086,1020,4557,3759,3382,8823,8054,1660,6427,4151,2704,8832,2534,3369,6119,294
2635,4591,1530,3531,328,7975,4068,5753,3094,5409,3611,6550,4201,3596,8753,7238,163,1935,2392,3105,290,1777,3102,7745,3404,3911,2981,4871,7546,9767,2912,2247,437,4856,5680,3730,6765,2975,3254,6108,5606,5918,9720,1991,5920,1494,2373,4035,3639,9064,6487,6358,2045,2381,9857,7583,9427,4628,7813,5439,6210,5636,7645,850,386,8808,660,7428,1066,5954,9739,4681,8266,9195,1055,8730,6713,8326,8725,3374,6679,9618,4750,4678,3653,8004,2778,43,442,6229,7897,1004,2629,6063,1938,8090,1470,8588,9522,8619
2131,6802,2661,1192,595,4961,1875,4144,1504,2868,1564,6247,822,4683,9158,7635,4813,4918,3437,8912,2965,8544,5073,717,1863,6256,7613,4385,6309,1747,4361,7456,4716,8030,2461,7561,1624,6430,9530,3517,6979,7203,2098,5588,8293,689,7785,7025,975,6444,9837,8021,7416,5267,8781,2486,8187,3644,2117,2015,4013,3364,9776,9661,9738,9199,8913,6381,3880,8213,8041,1691,9206,148,3086,5242,6837,6203,5481,8040,3514,7445,1882,4804,7601,7636,188,9623,1077,4528,3970,7427,7258,4727,4868,1793,7234,3358,15,1415
4863,7526,8984,3101,6834,6990,8367,8095,4655,2148,920,4811,6246,9297,6594,5692,5733,5518,4081,7941,765,5872,9526,2734,5475,7242,8504,7435,6184,1995,3318,291,6784,3132,248,1448,9047,5038,8503,4810,1944,241,8222,9527,5928,2227,4924,1490,8946,6913,5746,1735,1989,6574,7461,1838,8252,4234,1327,9561,5340,2022,7564,6716,5738,1325,4090,1717,2568,8513,615,7046,2884,3435,8070,2252,9234,7571,6162,6244,4878,8280,7614,5973,6083,6877,7409,809,4111,1460,8512,3005,6514,146,5874,2033,7993,6604,3427,1644
6496,5095,4884,3151,8162,9917,8215,2530,4554,4806,4719,2360,9656,9394,1463,3394,1254,4928,7846,4626,1382,7738,9217,5264,6090,5668,5346,8780,2793,2401,2264,2094,5237,8705,8863,6520,4057,2274,2581,9560,4265,640,6538,7772,7899,8210,3551,9357,9151,4254,8860,269,1997,2185,3900,5769,7787,8971,1075,3501,8861,6960,2669,8385,5725,3959,9380,4164,6442,613,5091,7978,2447,4248,1019,8722,388,8831,3872,4473,8227,9611,6155,4447,2,4599,9311,8520,8817,6796,2061,2081,4332,7096,9672,8336,8356,2321,4740,5916
7361,2765,9085,792,9877,2555,6454,2775,6962,4515,3130,5795,4404,8524,152,96,5449,6332,4650,4605,8570,8205,6976,8232,9268,6914,35,4287,4686,8887,7664,4782,2382,1493,6037,9441,9681,687,5702,4008,4393,2374,7900,6787,8929,6672,8374,6087,5570,1700,5829,9685,6817,8082,9244,643,8017,6542,9592,4203,2566,4213,5036,377,2562,650,6034,5850,2074,4643,839,3790,5135,1721,4407,4920,8637,6088,1809,6725,1465,5911,3744,9349,4698,3004,1191,5193,9758,9825,5781,4464,6798,9367,457,4696,8729,353,2306,4224
2966,3764,2060,6159,4957,1455,6972,3461,6447,953,9414,3630,6864,5605,6147,7626,5939,3879,394,1640,7558,4267,903,6955,8901,5861,9453,9104,1149,7938,798,8843,4889,4839,4791,7020,2784,4252,983,6281,2789,2611,5675,7279,4951,3968,1171,6345,2312,4170,987,2051,4958,1678,2298,6043,9851,6331,9988,1805,8525,7407,7233,6941,57,4598,3729,145,3362,7928,5198,7767,2011,5608,5723,3249,6704,9113,8096,5506,2666,1602,2599,9788,9782,2250,3559,5051,1620,3346,18,5862,1209,9474,5539,2135,3598,9256,7362,7551
2524,7585,9961,994,5070,7074,5964,4848,6762,3825,3544,606,1360,9415,6211,2967,7742,9313,4671,8747,2675,8272,3920,9960,3696,9053,361,376,548,2823,3952,4077,9014,5870,7956,2529,7043,1853,8137,9732,9424,7063,2101,6299,4877,3882,9602,1577,7489,4377,1379,7674,3215,2290,3732,9847,5304,9723,9406,5065,9921,2070,3832,169,1563,6900,6402,4516,9263,254,9852,521,2772,2733,8483,5863,9636,6751,9073,9548,7725,7052,3649,6951,4373,6001,4383,8050,6757,210,1610,3260,368,6839,110,4832,9621,5468,3887,117
435,2477,9501,3648,2861,6854,1531,5446,2103,8516,1445,797,9660,9356,2810,8133,5199,9989,8759,1368,8585,5325,2871,6551,5590,6116,1242,7605,3894,4351,2898,2490,9108,5790,6806,7475,4157,698,3198,3487,7552,7150,6113,103,9156,5373,1544,1279,3014,8476,8875,9965,1866,9362,6782,8944,390,1092,1549,5496,3029,5040,3119,4365,1199,8923,4842,3621,4173,8811,6983,7694,6169,5280,8435,7080,8442,179,7222,8827,4235,7836,3111,6623,7055,1673,1103,1590,7390,3158,4488,3424,272,2683,7700,7824,9908,5879,6835,2043
424,6156,3811,8069,7087,7480,6318,6744,3071,3088,6304,1794,2876,6510,977,9554,1203,3989,8301,8974,488,6396,6995,3844,980,260,5214,7839,8650,4550,1213,1623,8959,623,3707,6789,6058,7894,5530,5386,3352,4680,489,2619,4737,5701,6578,9253,2676,8189,3009,7056,9022,4915,6571,668,8890,1342,9963,7164,2456,9282,1928,2056,6062,3606,1443,5796,1601,4191,1650,5100,6022,7473,8461,8378,2902,2672,3801,8728,3758,1795,3216,6101,6179,9106,1729,1139,6745,6433,9386,7402,1324,2213,4399,3322,2362,6984,1332,9089
6464,7278,3940,6419,2960,4819,947,4371,3897,1959,4079,4876,8618,6138,4713,9624,6694,3383,9889,4801,4895,2164,1825,5462,6810,477,6183,7466,7765,885,3852,7170,8329,4812,2058,9663,5486,195,9163,2774,8754,5323,86,625,1606,9243,2248,4789,2817,6567,8539,1822,727,1012,6564,2514,2758,3908,670,1525,7680,4194,8406,851,3274,4093,7760,4513,9323,5751,3659,8014,679,296,6456,8674,7061,883,8447,8980,3561,6579,5853,7289,5955,6228,645,948,3136,3208,6509,4010,9973,1861,2292,6072,3724,322,253,3256

